cat	url	lab
АВТОКЛУБЫ	http://www.internetkniga.ru/catalog/5/1027/1_1.html	32
АРЕНДА И ПРОКАТ	http://www.internetkniga.ru/catalog/11/1027/1_1.html	32
ОБУЧЕНИЕ, ПРАВИЛА ДОРОЖНОГО ДВИЖЕНИЯ	http://www.internetkniga.ru/catalog/13/1027/1_1.html	36
ПОКУПКА И ПРОДАЖА	http://www.internetkniga.ru/catalog/14/1027/1_1.html	32
АВТОМОБИЛИ ГРУЗОВЫЕ	http://www.internetkniga.ru/catalog/7/1027/1_1.html	32
АВТОМОБИЛИ ИНОСТРАННЫХ МАРОК	http://www.internetkniga.ru/catalog/8/1027/1_1.html	32
АВТОМОБИЛИ ЛЕГКОВЫЕ	http://www.internetkniga.ru/catalog/1714/1027/1_1.html	32
АВТОМОБИЛИ ПОВЫШЕННОЙ ПРОХОДИМОСТИ	http://www.internetkniga.ru/catalog/9/1027/1_1.html	32
АВТОМОБИЛИ СПЕЦИАЛЬНЫЕ	http://www.internetkniga.ru/catalog/10/1027/1_1.html	32
АВТОМОБИЛЬНАЯ ПРОМЫШЛЕННОСТЬ	http://www.internetkniga.ru/catalog/16/1027/1_1.html	32
ЗАКОНОДАТЕЛЬСТВО, ТАМОЖНЯ	http://www.internetkniga.ru/catalog/17/1027/1_1.html	43
ИЗДАНИЯ И НОВОСТИ	http://www.internetkniga.ru/catalog/20/1027/1_1.html	44
АВТОМОБИЛЬНЫЕ ПРИНАДЛЕЖНОСТИ И АКСЕССУАРЫ	http://www.internetkniga.ru/catalog/21/1027/1_1.html	32
АВТОМОБИЛЬНЫЕ ШОУ И ВЫСТАВКИ	http://www.internetkniga.ru/catalog/23/1027/1_1.html	30,32
АВТОСАЛОНЫ	http://www.internetkniga.ru/catalog/24/1027/1_1.html	32
АВТОСЕРВИСЫ	http://www.internetkniga.ru/catalog/25/1027/1_1.html	32
ГАРАЖИ И СТОЯНКИ	http://www.internetkniga.ru/catalog/2/1027/1_1.html	32
ГИБДД	http://www.internetkniga.ru/catalog/28/1027/1_1.html	43
АСТРОЛОГИЯ И ГОРОСКОПЫ	http://www.internetkniga.ru/catalog/66/1027/1_1.html	17
НЛО	http://www.internetkniga.ru/catalog/67/1027/1_1.html	17
ЭЗОТЕРИКА	http://www.internetkniga.ru/catalog/68/1027/1_1.html	17
СИСТЕМЫ СЛЕЖЕНИЯ	http://www.internetkniga.ru/catalog/95/1027/1_1.html	34
ИНФОРМАЦИОННАЯ БЕЗОПАСНОСТЬ	http://www.internetkniga.ru/catalog/93/1027/1_1.html	49
ЛИЧНАЯ БЕЗОПАСНОСТЬ	http://www.internetkniga.ru/catalog/92/1027/1_1.html	43
РАДИАЦИОННАЯ БЕЗОПАСНОСТЬ	http://www.internetkniga.ru/catalog/91/1027/1_1.html	34
ЭКОНОМИЧЕСКАЯ БЕЗОПАСНОСТЬ	http://www.internetkniga.ru/catalog/94/1027/1_1.html	37
ОБУЧЕНИЕ	http://www.internetkniga.ru/catalog/96/1027/1_1.html	36
ОРУЖИЕ	http://www.internetkniga.ru/catalog/97/1027/1_1.html	42
ОХРАНА И СОПРОВОЖДЕНИЕ ГРУЗОВ	http://www.internetkniga.ru/catalog/98/1027/1_1.html	34
ОХРАННЫЕ АГЕНТСТВА	http://www.internetkniga.ru/catalog/99/1027/1_1.html	34
БАНКОВСКИЕ СИСТЕМЫ БЕЗОПАСНОСТИ	http://www.internetkniga.ru/catalog/100/1027/1_1.html	37
СИГНАЛИЗАЦИИ, СИСТЕМЫ БЕЗОПАСНОСТИ И ОХРАНЫ	http://www.internetkniga.ru/catalog/102/1027/1_1.html	34
ДЕТЕКТИВНЫЕ АГЕНТСТВА	http://www.internetkniga.ru/catalog/1737/1027/1_1.html	34
АУДИТОРСКИЕ УСЛУГИ	http://www.internetkniga.ru/catalog/45/1027/1_1.html	37
АУКЦИОНЫ	http://www.internetkniga.ru/catalog/43/1027/1_1.html	37
БАНКИ ЗАРУБЕЖНЫЕ	http://www.internetkniga.ru/catalog/37/1027/1_1.html	37
БАНКИ РОССИЙСКИЕ	http://www.internetkniga.ru/catalog/38/1027/1_1.html	37
БАРТЕРНЫЕ СДЕЛКИ	http://www.internetkniga.ru/catalog/36/1027/1_1.html	37
БИЗНЕС-ОБРАЗОВАНИЕ	http://www.internetkniga.ru/catalog/40/1027/1_1.html	36,59
БИЗНЕС-ЦЕНТРЫ	http://www.internetkniga.ru/catalog/41/1027/1_1.html	59
БИРЖИ	http://www.internetkniga.ru/catalog/42/1027/1_1.html	37
БРОКЕРСКИЕ ОРГАНИЗАЦИИ	http://www.internetkniga.ru/catalog/39/1027/1_1.html	37
БУХГАЛТЕРИЯ	http://www.internetkniga.ru/catalog/44/1027/1_1.html	37
ИНВЕСТИЦИОННЫЕ КОМПАНИИ И ФОНДЫ	http://www.internetkniga.ru/catalog/49/1027/1_1.html	37
ИНКАССАЦИЯ	http://www.internetkniga.ru/catalog/50/1027/1_1.html	37
ИНФОРМАЦИОННЫЕ ТЕХНОЛОГИИ	http://www.internetkniga.ru/catalog/53/1027/1_1.html	49
КОНСАЛТИНГ	http://www.internetkniga.ru/catalog/51/1027/1_1.html	59
КОНФЕРЕНЦИИ, КОНГРЕССЫ, СЕМИНАРЫ	http://www.internetkniga.ru/catalog/52/1027/1_1.html	59
КРЕДИТЫ И ИПОТЕКА	http://www.internetkniga.ru/catalog/47/1027/1_1.html	37
ЛИЗИНГОВЫЕ КОМПАНИИ	http://www.internetkniga.ru/catalog/48/1027/1_1.html	59
МЕНЕДЖМЕНТ	http://www.internetkniga.ru/catalog/58/1027/1_1.html	36
НАЛОГИ И СБОРЫ	http://www.internetkniga.ru/catalog/55/1027/1_1.html	37
НАЛОГОВЫЕ ИНСПЕКЦИИ	http://www.internetkniga.ru/catalog/56/1027/1_1.html	37
ОФФШОРНЫЕ КОМПАНИИ	http://www.internetkniga.ru/catalog/57/1027/1_1.html	37
ПАБЛИК РИЛЭЙШНЗ	http://www.internetkniga.ru/catalog/54/1027/1_1.html	59
РЕЕСТРОДЕРЖАТЕЛИ И ДЕПОЗИТАРИИ	http://www.internetkniga.ru/catalog/46/1027/1_1.html	59
СТРАХОВЫЕ КОМПАНИИ	http://www.internetkniga.ru/catalog/59/1027/1_1.html	37
ТОРГИ, ИНТЕРНЕТ-ТОРГИ	http://www.internetkniga.ru/catalog/60/1027/1_1.html	54
ЦЕННЫЕ БУМАГИ, ЭЛЕКТРОННЫЕ БИРЖИ	http://www.internetkniga.ru/catalog/64/1027/1_1.html	37
ЭКСПЕРТИЗА	http://www.internetkniga.ru/catalog/61/1027/1_1.html	34
ЭЛЕКТРОННАЯ ТОРГОВЛЯ	http://www.internetkniga.ru/catalog/62/1027/1_1.html	54
ЭЛЕКТРОННЫЕ ПЛАТЕЖНЫЕ СИСТЕМЫ	http://www.internetkniga.ru/catalog/63/1027/1_1.html	54
АРМИЯ	http://www.internetkniga.ru/catalog/70/1027/1_1.html	42
ГОСУДАРСТВЕННАЯ АТРИБУТИКА	http://www.internetkniga.ru/catalog/75/1027/1_1.html	38
ОРГАНЫ ГОСУДАРСТВЕННОЙ ВЛАСТИ	http://www.internetkniga.ru/catalog/76/1027/1_1.html	38
ПОЛИТИЧЕСКИЕ ПАРТИИ И ОБЩЕСТВЕННЫЕ ОРГАНИЗАЦИИ	http://www.internetkniga.ru/catalog/84/1027/1_1.html	43
РЕГИОНЫ РФ	http://www.internetkniga.ru/catalog/1712/1027/1_1.html	38
ДЕТСКИЙ МИР	http://www.internetkniga.ru/catalog/1034/1027/1_1.html	53
ДОМ И САД	http://www.internetkniga.ru/catalog/1029/1027/1_1.html	53
ЖИВОТНЫЕ	http://www.internetkniga.ru/catalog/1020/1027/1_1.html	53
МИР ЖЕНЩИНЫ	http://www.internetkniga.ru/catalog/1015/1027/1_1.html	30,53
ВЕЧЕРИНКИ, АРЕНДА ИНВЕНТАРЯ	http://www.internetkniga.ru/catalog/1040/1027/1_1.html	30
ИГРЫ	http://www.internetkniga.ru/catalog/1048/1027/1_1.html	30
ИСКУССТВО	http://www.internetkniga.ru/catalog/1056/1027/1_1.html	55
ПРАЗДНИКИ	http://www.internetkniga.ru/catalog/1063/1027/1_1.html	30
РАЗВЛЕЧЕНИЯ	http://www.internetkniga.ru/catalog/1041/1027/1_1.html	30
УВЛЕЧЕНИЯ	http://www.internetkniga.ru/catalog/1066/1027/1_1.html	30
ЮМОР И САТИРА	http://www.internetkniga.ru/catalog/1075/1027/1_1.html	30
ИНТЕРНЕТ	http://www.internetkniga.ru/catalog/141/1027/1_1.html	49
ИНФОРМАЦИОННЫЕ ТЕХНОЛОГИИ	http://www.internetkniga.ru/catalog/140/1027/1_1.html	49
КОМПЬЮТЕРЫ	http://www.internetkniga.ru/catalog/125/1027/1_1.html	49
ПРОГРАММНОЕ ОБЕСПЕЧЕНИЕ	http://www.internetkniga.ru/catalog/170/1027/1_1.html	49
АНТИКВАРИАТ	http://www.internetkniga.ru/catalog/178/1027/1_1.html	55
ВЫСТАВКИ, ВЫСТАВОЧНЫЕ ЗАЛЫ И КОМПЛЕКСЫ	http://www.internetkniga.ru/catalog/179/1027/1_1.html	55
ГОЛОГРАФИЯ	http://www.internetkniga.ru/catalog/177/1027/1_1.html	51
ИЗДАТЕЛЬСТВА	http://www.internetkniga.ru/catalog/180/1027/1_1.html	34
ИСКУССТВО – АРХИТЕКТУРА И ДИЗАЙН	http://www.internetkniga.ru/catalog/205/1027/1_1.html	55
ИСКУССТВО – ХОРЕОГРАФИЯ	http://www.internetkniga.ru/catalog/206/1027/1_1.html	30
ИСКУССТВО ДЕКОРАТИВНО-ПРИКЛАДНОЕ	http://www.internetkniga.ru/catalog/204/1027/1_1.html	30
ИСКУССТВО И КУЛЬТУРА	http://www.internetkniga.ru/catalog/202/1027/1_1.html	55
ИСКУССТВО ИЗОБРАЗИТЕЛЬНОЕ	http://www.internetkniga.ru/catalog/203/1027/1_1.html	55
КИНО И ФОТО	http://www.internetkniga.ru/catalog/181/1027/1_1.html	30
КУЛЬТУРА, ОБЫЧАИ И ТРАДИЦИИ	http://www.internetkniga.ru/catalog/207/1027/1_1.html	30
ЛИТЕРАТУРА	http://www.internetkniga.ru/catalog/188/1027/1_1.html	30
МУЗЕИ И ГАЛЕРЕИ	http://www.internetkniga.ru/catalog/220/1027/1_1.html	30,55
МУЗЫКА	http://www.internetkniga.ru/catalog/209/1027/1_1.html	30
ОРДЕНА И МЕДАЛИ	http://www.internetkniga.ru/catalog/208/1027/1_1.html	30
ТЕАТРАЛЬНО-КОНЦЕРТНАЯ ДЕЯТЕЛЬНОСТЬ	http://www.internetkniga.ru/catalog/224/1027/1_1.html	30
ТЕАТРЫ	http://www.internetkniga.ru/catalog/225/1027/1_1.html	30,55
ХУДОЖЕСТВЕННЫЕ МАТЕРИАЛЫ, ПРИНАДЛЕЖНОСТИ	http://www.internetkniga.ru/catalog/221/1027/1_1.html	30
ХУДОЖЕСТВЕННЫЕ ИЗДЕЛИЯ	http://www.internetkniga.ru/catalog/222/1027/1_1.html	30
ХУДОЖЕСТВЕННЫЕ, НАРОДНЫЕ ПРОМЫСЛЫ	http://www.internetkniga.ru/catalog/223/1027/1_1.html	30
ЭТИКЕТ	http://www.internetkniga.ru/catalog/226/1027/1_1.html	55
АПТЕКИ	http://www.internetkniga.ru/catalog/585/1027/1_1.html	39
БИОЛОГИЧЕСКИ АКТИВНЫЕ ДОБАВКИ И ТРАВОЛЕЧЕНИЕ	http://www.internetkniga.ru/catalog/583/1027/1_1.html	39
ВИТАМИННЫЕ ПРЕПАРАТЫ	http://www.internetkniga.ru/catalog/584/1027/1_1.html	39
ЗДОРОВЬЕ И ОБРАЗ ЖИЗНИ	http://www.internetkniga.ru/catalog/586/1027/1_1.html	39
ЙОГА – УЧЕНИЕ И ПРАКТИКА	http://www.internetkniga.ru/catalog/593/1027/1_1.html	39
КРАСОТА	http://www.internetkniga.ru/catalog/587/1027/1_1.html	39
МЕДИЦИНА	http://www.internetkniga.ru/catalog/594/1027/1_1.html	39
САЛОНЫ КРАСОТЫ	http://www.internetkniga.ru/catalog/604/1027/1_1.html	39
ФАРМАКОЛОГИЯ	http://www.internetkniga.ru/catalog/605/1027/1_1.html	39
ФАРМАЦЕВТИЧЕСКИЕ ПРЕПАРАТЫ	http://www.internetkniga.ru/catalog/606/1027/1_1.html	39
ФИТНЕС-ЦЕНТРЫ	http://www.internetkniga.ru/catalog/607/1027/1_1.html	50
ИНТЕРНЕТ – ЛЕНТЫ НОВОСТЕЙ	http://www.internetkniga.ru/catalog/552/1027/1_1.html	44
НОВОСТИ, ИНФОРМАЦИОННЫЕ АГЕНТСТВА	http://www.internetkniga.ru/catalog/553/1027/1_1.html	44
АБРАЗИВЫ, АБРАЗИВНЫЕ МАТЕРИАЛЫ И ОБОРУДОВАНИЕ	http://www.internetkniga.ru/catalog/254/1027/1_1.html	34
АВАРИЙНО-СПАСАТЕЛЬНОЕ И ПРОТИВОПОЖАРНОЕ ОБОРУДОВАНИЕ	http://www.internetkniga.ru/catalog/253/1027/1_1.html	34
АВТОЗАПРАВОЧНЫЕ СТАНЦИИ – ОБОРУДОВАНИЕ	http://www.internetkniga.ru/catalog/256/1027/1_1.html	32
АВТОПОГРУЗЧИКИ	http://www.internetkniga.ru/catalog/257/1027/1_1.html	32
АКУСТИЧЕСКОЕ ОБОРУДОВАНИЕ	http://www.internetkniga.ru/catalog/261/1027/1_1.html	34
АЛМАЗЫ И АЛМАЗНЫЕ ИНСТРУМЕНТЫ	http://www.internetkniga.ru/catalog/260/1027/1_1.html	34
АРХИВЫ, АРХИВНОЕ ОБОРУДОВАНИЕ	http://www.internetkniga.ru/catalog/258/1027/1_1.html	34
АТТРАКЦИОНЫ И КАРУСЕЛИ – ОБОРУДОВАНИЕ	http://www.internetkniga.ru/catalog/263/1027/1_1.html	30
БАНКОВСКОЕ ОБОРУДОВАНИЕ	http://www.internetkniga.ru/catalog/255/1027/1_1.html	34
БИЛЬЯРД, БИЛЬЯРДНОЕ ОБОРУДОВАНИЕ	http://www.internetkniga.ru/catalog/259/1027/1_1.html	30
ВЕНТИЛЯЦИОННЫЕ СИСТЕМЫ И ОБОРУДОВАНИЕ	http://www.internetkniga.ru/catalog/268/1027/1_1.html	34
ВЕТЕРИНАРНЫЕ ПРЕПАРАТЫ, ИНСТРУМЕНТЫ, ОБОРУДОВАНИЕ	http://www.internetkniga.ru/catalog/269/1027/1_1.html	53
ВОДОПРОВОДНОЕ ОБОРУДОВАНИЕ	http://www.internetkniga.ru/catalog/262/1027/1_1.html	53
ВЫСТАВОЧНОЕ ОБОРУДОВАНИЕ – ИЗГОТОВЛЕНИЕ, МОНТАЖ	http://www.internetkniga.ru/catalog/264/1027/1_1.html	30
ГЕОЛОГИЧЕСКОЕ ОБОРУДОВАНИЕ	http://www.internetkniga.ru/catalog/265/1027/1_1.html	34
ГЕОФИЗИЧЕСКОЕ ОБОРУДОВАНИЕ	http://www.internetkniga.ru/catalog/267/1027/1_1.html	34
ДОРОЖНО-СТРОИТЕЛЬНАЯ ТЕХНИКА	http://www.internetkniga.ru/catalog/332/1027/1_1.html	34
ЖЕЛЕЗНОДОРОЖНАЯ ТЕХНИКА И ОБОРУДОВАНИЕ	http://www.internetkniga.ru/catalog/333/1027/1_1.html	32
ИНСТРУМЕНТЫ ПРОФЕССИОНАЛЬНЫЕ	http://www.internetkniga.ru/catalog/278/1027/1_1.html	34
КИНОФОТООБОРУДОВАНИЕ И АППАРАТУРА	http://www.internetkniga.ru/catalog/274/1027/1_1.html	30
КОМПРЕССОРЫ И КОМПРЕССОРНОЕ ОБОРУДОВАНИЕ	http://www.internetkniga.ru/catalog/276/1027/1_1.html	34
КОНДИЦИОНЕРЫ И КЛИМАТИЧЕСКИЕ УСТАНОВКИ	http://www.internetkniga.ru/catalog/277/1027/1_1.html	34
ЛАБОРАТОРНОЕ ОБОРУДОВАНИЕ И ИНСТРУМЕНТЫ	http://www.internetkniga.ru/catalog/272/1027/1_1.html	34
ЛАЗЕРНОЕ ОБОРУДОВАНИЕ, ПРИБОРЫ И ТЕХНИКА	http://www.internetkniga.ru/catalog/273/1027/1_1.html	34
ЛЕСОЗАГОТОВИТЕЛЬНОЕ ОБОРУДОВАНИЕ	http://www.internetkniga.ru/catalog/279/1027/1_1.html	34
ЛИФТЫ, ПОДЪЕМНИКИ, ЭСКАЛАТОРЫ	http://www.internetkniga.ru/catalog/275/1027/1_1.html	34
МЕДИЦИНСКИЕ ИНСТРУМЕНТЫ, ОБОРУДОВАНИЕ	http://www.internetkniga.ru/catalog/315/1027/1_1.html	39
НАВИГАЦИОННОЕ ОБОРУДОВАНИЕ	http://www.internetkniga.ru/catalog/280/1027/1_1.html	34
ОБОРУДОВАНИЕ ДЛЯ СФЕРЫ ОБСЛУЖИВАНИЯ	http://www.internetkniga.ru/catalog/281/1027/1_1.html	34
ОРГТЕХНИКА И ОФИСНОЕ ОБОРУДОВАНИЕ	http://www.internetkniga.ru/catalog/284/1027/1_1.html	34
ПОДВОДНОЕ ОБОРУДОВАНИЕ И СНАРЯЖЕНИЕ	http://www.internetkniga.ru/catalog/312/1027/1_1.html	30
ПОЧТОВЫЕ УСЛУГИ, ОБОРУДОВАНИЕ	http://www.internetkniga.ru/catalog/313/1027/1_1.html	34
ПРАЧЕЧНЫЕ, ХИМЧИСТКИ – УСЛУГИ И ОБОРУДОВАНИЕ	http://www.internetkniga.ru/catalog/285/1027/1_1.html	34
ПРЕЗЕНТАЦИОННОЕ ОБОРУДОВАНИЕ	http://www.internetkniga.ru/catalog/311/1027/1_1.html	34
ПРОМЫШЛЕННОЕ ОБОРУДОВАНИЕ	http://www.internetkniga.ru/catalog/286/1027/1_1.html	34
РАДИОАППАРАТУРА	http://www.internetkniga.ru/catalog/270/1027/1_1.html	34
РАДИОСТАНЦИИ – ОБОРУДОВАНИЕ	http://www.internetkniga.ru/catalog/271/1027/1_1.html	34
СВЕТОТЕХНИКА И СВЕТОТЕХНИЧЕСКОЕ ОБОРУДОВАНИЕ	http://www.internetkniga.ru/catalog/316/1027/1_1.html	30
СКЛАДСКОЕ ОБОРУДОВАНИЕ	http://www.internetkniga.ru/catalog/317/1027/1_1.html	34
СТОМАТОЛОГИЧЕСКОЕ ОБОРУДОВАНИЕ	http://www.internetkniga.ru/catalog/319/1027/1_1.html	39
СТРОИТЕЛЬНЫЕ ИНСТРУМЕНТЫ, ОБОРУДОВАНИЕ	http://www.internetkniga.ru/catalog/318/1027/1_1.html	34
ТЕАТРАЛЬНО-КОНЦЕРТНОЕ ОБОРУДОВАНИЕ	http://www.internetkniga.ru/catalog/326/1027/1_1.html	30
ТЕЛЕВИЗИОННОЕ ОБОРУДОВАНИЕ И АППАРАТУРА	http://www.internetkniga.ru/catalog/327/1027/1_1.html	34
ТЕЛЕКОММУНИКАЦИОННОЕ ОБОРУДОВАНИЕ	http://www.internetkniga.ru/catalog/328/1027/1_1.html	34
ТЕПЛОСЕТЬ – ОБОРУДОВАНИЕ	http://www.internetkniga.ru/catalog/329/1027/1_1.html	34
ТОРГОВАЯ ТЕХНИКА И ОБОРУДОВАНИЕ	http://www.internetkniga.ru/catalog/320/1027/1_1.html	54
ТУРИСТИЧЕСКОЕ ОБОРУДОВАНИЕ И СНАРЯЖЕНИЕ	http://www.internetkniga.ru/catalog/325/1027/1_1.html	52
ЭЛЕВАТОРЫ	http://www.internetkniga.ru/catalog/330/1027/1_1.html	34
ЭЛЕКТРОИНСТРУМЕНТЫ И ОБОРУДОВАНИЕ	http://www.internetkniga.ru/catalog/331/1027/1_1.html	34
ДЕРЕВООБРАБАТЫВАЮЩЕЕ ОБОРУДОВАНИЕ, ИНСТРУМЕНТ	http://www.internetkniga.ru/catalog/1736/1027/1_1.html	34
АКАДЕМИИ	http://www.internetkniga.ru/catalog/228/1027/1_1.html	36
ВЫСШИЕ УЧЕБНЫЕ ЗАВЕДЕНИЯ	http://www.internetkniga.ru/catalog/232/1027/1_1.html	36
ГЕОДЕЗИЯ И КАРТОГРАФИЯ	http://www.internetkniga.ru/catalog/236/1027/1_1.html	51
АСПИРАНТУРА	http://www.internetkniga.ru/catalog/233/1027/1_1.html	36
ГЕОЛОГИЯ	http://www.internetkniga.ru/catalog/234/1027/1_1.html	51
ГЕОФИЗИКА	http://www.internetkniga.ru/catalog/235/1027/1_1.html	51
ГИДРОМЕТЕОРОЛОГИЯ	http://www.internetkniga.ru/catalog/230/1027/1_1.html	51
ГОЛОГРАФИЯ	http://www.internetkniga.ru/catalog/231/1027/1_1.html	51
ЖЕЛЕЗНОДОРОЖНЫЙ ТРАНСПОРТ	http://www.internetkniga.ru/catalog/250/1027/1_1.html	32
ИНОСТРАННЫЕ ЯЗЫКИ – ОБУЧЕНИЕ	http://www.internetkniga.ru/catalog/239/1027/1_1.html	36
КОЛЛЕДЖИ	http://www.internetkniga.ru/catalog/238/1027/1_1.html	36
МЕЛИОРАЦИЯ	http://www.internetkniga.ru/catalog/248/1027/1_1.html	36
МЕНЕДЖМЕНТ	http://www.internetkniga.ru/catalog/249/1027/1_1.html	36
МОДЕЛЬНЫЕ АГЕНТСТВА	http://www.internetkniga.ru/catalog/247/1027/1_1.html	36
НАУКА И ТЕХНИКА	http://www.internetkniga.ru/catalog/244/1027/1_1.html	51
НАУЧНЫЕ И ПРОЕКТНО-КОНСТРУКТОРСКИЕ ОРГАНИЗАЦИИ	http://www.internetkniga.ru/catalog/245/1027/1_1.html	51
ОБРАЗОВАНИЕ ВЫСШЕЕ	http://www.internetkniga.ru/catalog/240/1027/1_1.html	36
ОБРАЗОВАНИЕ ДОШКОЛЬНОЕ	http://www.internetkniga.ru/catalog/243/1027/1_1.html	36
ОБРАЗОВАНИЕ ЗА РУБЕЖОМ	http://www.internetkniga.ru/catalog/241/1027/1_1.html	36
ОБРАЗОВАНИЕ ЗАОЧНОЕ И ДИСТАНЦИОННОЕ	http://www.internetkniga.ru/catalog/242/1027/1_1.html	36
ОБУЧЕНИЕ И ПОДБОР КАДРОВ	http://www.internetkniga.ru/catalog/246/1027/1_1.html	36,41
РЕФЕРАТЫ, КУРСОВЫЕ РАБОТЫ, ДИПЛОМЫ	http://www.internetkniga.ru/catalog/237/1027/1_1.html	8
ШКОЛЫ	http://www.internetkniga.ru/catalog/251/1027/1_1.html	36
БЛАГОТВОРИТЕЛЬНОСТЬ	http://www.internetkniga.ru/catalog/335/1027/1_1.html	45
ЗНАМЕНИТЫЕ ЛЮДИ	http://www.internetkniga.ru/catalog/336/1027/1_1.html	30
ИММИГРАЦИЯ	http://www.internetkniga.ru/catalog/347/1027/1_1.html	43
ИНТЕРНЕТ – ОБЩЕНИЕ, ЧАТЫ	http://www.internetkniga.ru/catalog/348/1027/1_1.html	26
КРИМИНАЛЬНАЯ ХРОНИКА	http://www.internetkniga.ru/catalog/345/1027/1_1.html	43
КРИМИНАЛЬНЫЙ МИР	http://www.internetkniga.ru/catalog/346/1027/1_1.html	43
МОТОЦИКЛЫ – БАЙКЕРЫ	http://www.internetkniga.ru/catalog/354/1027/1_1.html	30
ОРГАНИЗАЦИИ	http://www.internetkniga.ru/catalog/349/1027/1_1.html	43
РЕЛИГИЯ	http://www.internetkniga.ru/catalog/337/1027/1_1.html	47
ФОНДЫ	http://www.internetkniga.ru/catalog/355/1027/1_1.html	45
ЭКОЛОГИЯ	http://www.internetkniga.ru/catalog/359/1027/1_1.html	34
БЕЛЬЕ ЖЕНСКОЕ, МУЖСКОЕ	http://www.internetkniga.ru/catalog/611/1027/1_1.html	54
ГОЛОВНЫЕ УБОРЫ	http://www.internetkniga.ru/catalog/610/1027/1_1.html	54
ДОМА МОДЕЛЕЙ, МОДЫ	http://www.internetkniga.ru/catalog/621/1027/1_1.html	54
МЕХА И МЕХОВЫЕ ИЗДЕЛИЯ	http://www.internetkniga.ru/catalog/614/1027/1_1.html	54
МОДА	http://www.internetkniga.ru/catalog/613/1027/1_1.html	30
ОБУВЬ – ПРОИЗВОДСТВО, ПРОДАЖА	http://www.internetkniga.ru/catalog/612/1027/1_1.html	54
ОДЕЖДА – ПРОИЗВОДСТВО, ПРОДАЖА	http://www.internetkniga.ru/catalog/619/1027/1_1.html	54
ОДЕЖДА ДЕТСКАЯ	http://www.internetkniga.ru/catalog/618/1027/1_1.html	54
ОДЕЖДА ЖЕНСКАЯ	http://www.internetkniga.ru/catalog/617/1027/1_1.html	54
ОДЕЖДА МУЖСКАЯ	http://www.internetkniga.ru/catalog/615/1027/1_1.html	54
ОДЕЖДА СПЕЦИАЛЬНАЯ, РАБОЧАЯ, ФОРМЕННАЯ	http://www.internetkniga.ru/catalog/1708/1027/1_1.html	54
ОДЕЖДА СПОРТИВНАЯ	http://www.internetkniga.ru/catalog/616/1027/1_1.html	54
ТРИКОТАЖНЫЕ ИЗДЕЛИЯ	http://www.internetkniga.ru/catalog/620/1027/1_1.html	54
ЧУЛОЧНО-НОСОЧНЫЕ ИЗДЕЛИЯ	http://www.internetkniga.ru/catalog/622/1027/1_1.html	54
ШВЕЙНЫЕ ИЗДЕЛИЯ	http://www.internetkniga.ru/catalog/623/1027/1_1.html	54
КАНЦЕЛЯРСКИЕ ТОВАРЫ	http://www.internetkniga.ru/catalog/566/1027/1_1.html	54
ОРГТЕХНИКА	http://www.internetkniga.ru/catalog/572/1027/1_1.html	54
Прогноз погоды	http://www.internetkniga.ru/catalog/1745/1027/1_1.html	44
ВИЗИТНЫЕ КАРТОЧКИ	http://www.internetkniga.ru/catalog/557/1027/1_1.html	34
ИЗДАТЕЛЬСТВА	http://www.internetkniga.ru/catalog/561/1027/1_1.html	34
КАЛЕНДАРИ	http://www.internetkniga.ru/catalog/560/1027/1_1.html	34
ПОЛИГРАФИЧЕСКАЯ ПРОДУКЦИЯ И УСЛУГИ	http://www.internetkniga.ru/catalog/562/1027/1_1.html	34
ПОЛИГРАФИЧЕСКИЕ МАТЕРИАЛЫ И ОБОРУДОВАНИЕ	http://www.internetkniga.ru/catalog/563/1027/1_1.html	34
РЕДАКЦИОННО-ИЗДАТЕЛЬСКИЕ СИСТЕМЫ	http://www.internetkniga.ru/catalog/559/1027/1_1.html	34
РЕКЛАМНО-СУВЕНИРНАЯ ПРОДУКЦИЯ	http://www.internetkniga.ru/catalog/558/1027/1_1.html	54
ТИПОГРАФИИ	http://www.internetkniga.ru/catalog/564/1027/1_1.html	34
ВИНО	http://www.internetkniga.ru/catalog/525/1027/1_1.html	14
ВОДА ПИТЬЕВАЯ И МИНЕРАЛЬНАЯ	http://www.internetkniga.ru/catalog/526/1027/1_1.html	54
ГРИБЫ	http://www.internetkniga.ru/catalog/524/1027/1_1.html	54
КОНДИТЕРСКИЕ ИЗДЕЛИЯ	http://www.internetkniga.ru/catalog/528/1027/1_1.html	54
КОФЕ, КАКАО	http://www.internetkniga.ru/catalog/529/1027/1_1.html	54
МАСЛА РАСТИТЕЛЬНЫЕ	http://www.internetkniga.ru/catalog/533/1027/1_1.html	54
МОЛОКО И МОЛОЧНАЯ ПРОДУКЦИЯ	http://www.internetkniga.ru/catalog/542/1027/1_1.html	54
МОРОЖЕНОЕ	http://www.internetkniga.ru/catalog/541/1027/1_1.html	54
МЯСО, МЯСНЫЕ И КОЛБАСНЫЕ ИЗДЕЛИЯ	http://www.internetkniga.ru/catalog/543/1027/1_1.html	54
НАПИТКИ АЛКОГОЛЬНЫЕ	http://www.internetkniga.ru/catalog/530/1027/1_1.html	14
НАПИТКИ БЕЗАЛКОГОЛЬНЫЕ И СОКИ	http://www.internetkniga.ru/catalog/531/1027/1_1.html	54
НАПИТКИ СЛАБОАЛКОГОЛЬНЫЕ И ПИВО	http://www.internetkniga.ru/catalog/532/1027/1_1.html	14
ПИЩЕВАЯ ПРОМЫШЛЕННОСТЬ - ОБОРУДОВАНИЕ	http://www.internetkniga.ru/catalog/539/1027/1_1.html	54
ПИЩЕВЫЕ ИНГРЕДИЕНТЫ	http://www.internetkniga.ru/catalog/540/1027/1_1.html	54
ПИЩЕВЫЕ КОНЦЕНТРАТЫ	http://www.internetkniga.ru/catalog/1710/1027/1_1.html	54
ПЛОДООВОЩНАЯ ПРОДУКЦИЯ	http://www.internetkniga.ru/catalog/538/1027/1_1.html	54
ПРОДУКТЫ ПИТАНИЯ	http://www.internetkniga.ru/catalog/534/1027/1_1.html	54
ПРОДУКТЫ ПИТАНИЯ ЗАМОРОЖЕННЫЕ	http://www.internetkniga.ru/catalog/535/1027/1_1.html	54
ПРОДУКТЫ ПИТАНИЯ КОНСЕРВИРОВАННЫЕ	http://www.internetkniga.ru/catalog/536/1027/1_1.html	54
ПРЯНОСТИ, ПРИПРАВЫ И СПЕЦИИ	http://www.internetkniga.ru/catalog/537/1027/1_1.html	54
РЫБА И МОРЕПРОДУКТЫ – ДОБЫЧА, ПРОДАЖА	http://www.internetkniga.ru/catalog/527/1027/1_1.html	54
САХАР	http://www.internetkniga.ru/catalog/544/1027/1_1.html	54
СОЛЬ	http://www.internetkniga.ru/catalog/545/1027/1_1.html	54
СОЯ, СОЕВЫЕ ПРОДУКТЫ	http://www.internetkniga.ru/catalog/546/1027/1_1.html	54
СЫРЫ – ПРОИЗВОДСТВО, ПРОДАЖА	http://www.internetkniga.ru/catalog/547/1027/1_1.html	54
ЧАЙ – ПРОИЗВОДСТВО, ПРОДАЖА	http://www.internetkniga.ru/catalog/548/1027/1_1.html	54
ЧАЙ, ЧАЕПИТИЕ	http://www.internetkniga.ru/catalog/549/1027/1_1.html	30
АВИАЦИЯ И КОСМОС	http://www.internetkniga.ru/catalog/366/1027/1_1.html	34
АВТОМАТИЗАЦИЯ	http://www.internetkniga.ru/catalog/368/1027/1_1.html	34
АТОМНАЯ	http://www.internetkniga.ru/catalog/377/1027/1_1.html	34
ВТОРИЧНЫЕ РЕСУРСЫ	http://www.internetkniga.ru/catalog/376/1027/1_1.html	34
ГАЗОВАЯ	http://www.internetkniga.ru/catalog/363/1027/1_1.html	34
ГИДРОТЕХНИЧЕСКИЕ СООРУЖЕНИЯ	http://www.internetkniga.ru/catalog/371/1027/1_1.html	34
ГОРНОДОБЫВАЮЩАЯ И ОБРАБАТЫВАЮЩАЯ	http://www.internetkniga.ru/catalog/372/1027/1_1.html	34
ДЕРЕВООБРАБАТЫВАЮЩАЯ	http://www.internetkniga.ru/catalog/518/1027/1_1.html	34
ЖЕЛЕЗНЫЕ ДОРОГИ	http://www.internetkniga.ru/catalog/520/1027/1_1.html	34
ЖЕЛЕЗОБЕТОННЫЕ ИЗДЕЛИЯ И КОНСТРУКЦИИ	http://www.internetkniga.ru/catalog/519/1027/1_1.html	34
ИНЖИНИРИНГ	http://www.internetkniga.ru/catalog/384/1027/1_1.html	34
КАМНЕОБРАБАТЫВАЮЩЕЕ ПРОИЗВОДСТВО И ОБОРУДОВАНИЕ	http://www.internetkniga.ru/catalog/379/1027/1_1.html	34
КОМПАКТ-ДИСКИ, cd-ВИЗИТКИ – ПРОИЗВОДСТВО	http://www.internetkniga.ru/catalog/383/1027/1_1.html	34
ЛЕГКАЯ	http://www.internetkniga.ru/catalog/385/1027/1_1.html	34
ЛЕСНАЯ	http://www.internetkniga.ru/catalog/390/1027/1_1.html	34
ЛЕСОХИМИЧЕСКАЯ	http://www.internetkniga.ru/catalog/391/1027/1_1.html	34
ЛИТЕЙНАЯ	http://www.internetkniga.ru/catalog/382/1027/1_1.html	34
МАШИНОСТРОЕНИЕ	http://www.internetkniga.ru/catalog/392/1027/1_1.html	34
МЕТАЛЛУРГИЯ	http://www.internetkniga.ru/catalog/446/1027/1_1.html	34
НЕФТЕХИМИЧЕСКАЯ	http://www.internetkniga.ru/catalog/452/1027/1_1.html	34
ПИЩЕВАЯ	http://www.internetkniga.ru/catalog/436/1027/1_1.html	34
ПРИБОРОСТРОЕНИЕ	http://www.internetkniga.ru/catalog/435/1027/1_1.html	34
СУДОСТРОЕНИЕ, СУДОРЕМОНТ	http://www.internetkniga.ru/catalog/456/1027/1_1.html	34
СЫРЬЕ И СЫРЬЕВЫЕ МАТЕРИАЛЫ	http://www.internetkniga.ru/catalog/457/1027/1_1.html	34
ТОВАРЫ ПРОМЫШЛЕННОГО НАЗНАЧЕНИЯ	http://www.internetkniga.ru/catalog/460/1027/1_1.html	34
ТОПЛИВНАЯ	http://www.internetkniga.ru/catalog/516/1027/1_1.html	34
ТРУБОПРОВОДЫ – СТРОИТЕЛЬСТВО И ЭКСПЛУАТАЦИЯ	http://www.internetkniga.ru/catalog/458/1027/1_1.html	34
ХИМИЧЕСКАЯ	http://www.internetkniga.ru/catalog/459/1027/1_1.html	34
ЦЕЛЛЮЛОЗНО-БУМАЖНАЯ	http://www.internetkniga.ru/catalog/521/1027/1_1.html	34
ШИННАЯ	http://www.internetkniga.ru/catalog/522/1027/1_1.html	34
ЭЛЕКТРОННАЯ	http://www.internetkniga.ru/catalog/517/1027/1_1.html	34
ИНТЕРНЕТ-ЗАРАБОТОК	http://www.internetkniga.ru/catalog/107/1027/1_1.html	41
ОБУЧЕНИЕ И ПОДБОР КАДРОВ	http://www.internetkniga.ru/catalog/108/1027/1_1.html	36,41
РАБОТА И РЕКРУТИНГ	http://www.internetkniga.ru/catalog/106/1027/1_1.html	41
ВИЗИТНЫЕ КАРТОЧКИ	http://www.internetkniga.ru/catalog/111/1027/1_1.html	34
ПАБЛИК РИЛЭЙШНЗ	http://www.internetkniga.ru/catalog/118/1027/1_1.html	59
ПОЛИГРАФИЧЕСКАЯ ПРОДУКЦИЯ И УСЛУГИ	http://www.internetkniga.ru/catalog/119/1027/1_1.html	34
ПОЛИГРАФИЧЕСКИЕ МАТЕРИАЛЫ И ОБОРУДОВАНИЕ	http://www.internetkniga.ru/catalog/120/1027/1_1.html	34
РЕКЛАМА В ИНТЕРНЕТЕ	http://www.internetkniga.ru/catalog/112/1027/1_1.html	59
РЕКЛАМА НАРУЖНАЯ	http://www.internetkniga.ru/catalog/113/1027/1_1.html	59
РЕКЛАМНО-СУВЕНИРНАЯ ПРОДУКЦИЯ	http://www.internetkniga.ru/catalog/114/1027/1_1.html	54
РЕКЛАМНЫЕ АГЕНТСТВА	http://www.internetkniga.ru/catalog/115/1027/1_1.html	59
РЕКЛАМНЫЕ ТАБЛО, ЩИТЫ	http://www.internetkniga.ru/catalog/116/1027/1_1.html	59
ФЛАГИ, ВЫМПЕЛЫ, ЗНАМЕНА	http://www.internetkniga.ru/catalog/123/1027/1_1.html	34
АВТОМАТИЧЕСКИЕ ТЕЛЕФОННЫЕ СТАНЦИИ – ПРОИЗВОДСТВО, ПРОДАЖА	http://www.internetkniga.ru/catalog/625/1027/1_1.html	54
РАДИОАППАРАТУРА	http://www.internetkniga.ru/catalog/626/1027/1_1.html	34
СВЯЗЬ – ПЕРЕДАЧА ДАННЫХ	http://www.internetkniga.ru/catalog/633/1027/1_1.html	34
СВЯЗЬ ПЕЙДЖИНГОВАЯ	http://www.internetkniga.ru/catalog/628/1027/1_1.html	34
СВЯЗЬ РАДИО- И РАДИОТЕЛЕФОННАЯ	http://www.internetkniga.ru/catalog/627/1027/1_1.html	34
СВЯЗЬ СОТОВАЯ	http://www.internetkniga.ru/catalog/629/1027/1_1.html	34
СВЯЗЬ СПУТНИКОВАЯ	http://www.internetkniga.ru/catalog/630/1027/1_1.html	34
СВЯЗЬ ТЕЛЕГРАФНАЯ	http://www.internetkniga.ru/catalog/631/1027/1_1.html	34
СВЯЗЬ ТЕЛЕФОННАЯ	http://www.internetkniga.ru/catalog/632/1027/1_1.html	34
ТЕЛЕКОММУНИКАЦИОННЫЕ УСЛУГИ	http://www.internetkniga.ru/catalog/634/1027/1_1.html	34
ТЕЛЕФОННЫЕ АППАРАТЫ И АКСЕССУАРЫ	http://www.internetkniga.ru/catalog/635/1027/1_1.html	54
ЗАЩИТА РАСТЕНИЙ	http://www.internetkniga.ru/catalog/767/1027/1_1.html	45
ЗЕРНО	http://www.internetkniga.ru/catalog/768/1027/1_1.html	34
ПАРНИКИ И ТЕПЛИЦЫ	http://www.internetkniga.ru/catalog/769/1027/1_1.html	53
ПТИЦЕВОДСТВО	http://www.internetkniga.ru/catalog/770/1027/1_1.html	34
ПЧЕЛОВОДСТВО	http://www.internetkniga.ru/catalog/771/1027/1_1.html	34
САДОВО-ОГОРОДНАЯ И ДАЧНАЯ ТЕХНИКА	http://www.internetkniga.ru/catalog/772/1027/1_1.html	53
СЕЛЬСКОЕ ХОЗЯЙСТВО	http://www.internetkniga.ru/catalog/774/1027/1_1.html	34
СЕЛЬСКОХОЗЯЙСТВЕННАЯ ТЕХНИКА – ПРОИЗВОДСТВО, ПРОДАЖА	http://www.internetkniga.ru/catalog/773/1027/1_1.html	34
СЕМЕНА	http://www.internetkniga.ru/catalog/775/1027/1_1.html	34
УДОБРЕНИЯ	http://www.internetkniga.ru/catalog/776/1027/1_1.html	34
БУКМЕКЕРСКИЕ КОНТОРЫ	http://www.internetkniga.ru/catalog/674/1027/1_1.html	18
АВИАЦИЯ	http://www.internetkniga.ru/catalog/675/1027/1_1.html	32
АВТОСПОРТ	http://www.internetkniga.ru/catalog/677/1027/1_1.html	50
АМЕРИКАНСКИЙ ФУТБОЛ И РЕГБИ	http://www.internetkniga.ru/catalog/686/1027/1_1.html	50
АРМРЕСЛИНГ	http://www.internetkniga.ru/catalog/679/1027/1_1.html	50
БАДМИНТОН	http://www.internetkniga.ru/catalog/678/1027/1_1.html	50
БАСКЕТБОЛ	http://www.internetkniga.ru/catalog/676/1027/1_1.html	50
БЕЙСБОЛ	http://www.internetkniga.ru/catalog/689/1027/1_1.html	50
БИЛЬЯРД	http://www.internetkniga.ru/catalog/680/1027/1_1.html	50
БОДИБИЛДИНГ И АТЛЕТИЗМ	http://www.internetkniga.ru/catalog/687/1027/1_1.html	50
БОЕВЫЕ ИСКУССТВА	http://www.internetkniga.ru/catalog/685/1027/1_1.html	50
БОКС	http://www.internetkniga.ru/catalog/682/1027/1_1.html	50
ВОДНЫЕ ВИДЫ	http://www.internetkniga.ru/catalog/688/1027/1_1.html	50
ВОЛЕЙБОЛ	http://www.internetkniga.ru/catalog/684/1027/1_1.html	50
ГОЛЬФ	http://www.internetkniga.ru/catalog/683/1027/1_1.html	50
ГОРНЫЕ ЛЫЖИ	http://www.internetkniga.ru/catalog/681/1027/1_1.html	50
КОННЫЙ СПОРТ	http://www.internetkniga.ru/catalog/690/1027/1_1.html	50
КОНЬКОБЕЖНЫЙ СПОРТ	http://www.internetkniga.ru/catalog/691/1027/1_1.html	50
ЛЕГКАЯ АТЛЕТИКА	http://www.internetkniga.ru/catalog/692/1027/1_1.html	50
СКВОШ	http://www.internetkniga.ru/catalog/693/1027/1_1.html	50
ГИМНАСТИКА	http://www.internetkniga.ru/catalog/694/1027/1_1.html	50
СПОРТИВНОЕ ОРИЕНТИРОВАНИЕ	http://www.internetkniga.ru/catalog/695/1027/1_1.html	50
СПОРТИВНЫЙ БРИДЖ	http://www.internetkniga.ru/catalog/696/1027/1_1.html	50
СТРЕЛЬБА	http://www.internetkniga.ru/catalog/697/1027/1_1.html	50
ТЕННИС	http://www.internetkniga.ru/catalog/702/1027/1_1.html	50
ТЕХНИЧЕСКИЕ ВИДЫ СПОРТА	http://www.internetkniga.ru/catalog/703/1027/1_1.html	50
ТЯЖЕЛАЯ АТЛЕТИКА	http://www.internetkniga.ru/catalog/705/1027/1_1.html	50
ФЕХТОВАНИЕ	http://www.internetkniga.ru/catalog/704/1027/1_1.html	50
ФИГУРНОЕ КАТАНИЕ	http://www.internetkniga.ru/catalog/698/1027/1_1.html	50
ФОРМУЛА-1	http://www.internetkniga.ru/catalog/699/1027/1_1.html	50
ФУТБОЛ	http://www.internetkniga.ru/catalog/701/1027/1_1.html	50
ХОККЕЙ	http://www.internetkniga.ru/catalog/700/1027/1_1.html	50
ШАХМАТЫ	http://www.internetkniga.ru/catalog/706/1027/1_1.html	50
ШАШКИ	http://www.internetkniga.ru/catalog/707/1027/1_1.html	50
СПОРТИВНЫЙ ИНВЕНТАРЬ И ЭКИПИРОВКА	http://www.internetkniga.ru/catalog/708/1027/1_1.html	50
ТОТАЛИЗАТОРЫ	http://www.internetkniga.ru/catalog/710/1027/1_1.html	18
ФИТНЕС-ЦЕНТРЫ	http://www.internetkniga.ru/catalog/709/1027/1_1.html	50
ЗИМНИЕ ВИДЫ СПОРТА	http://www.internetkniga.ru/catalog/1738/1027/1_1.html	50
ГАЗЕТЫ ЗАРУБЕЖНЫЕ	http://www.internetkniga.ru/catalog/637/1027/1_1.html	44
ГАЗЕТЫ ОТРАСЛЕВЫЕ	http://www.internetkniga.ru/catalog/640/1027/1_1.html	44
ГАЗЕТЫ ПАРТИЙ И ОБЪЕДИНЕНИЙ	http://www.internetkniga.ru/catalog/639/1027/1_1.html	44
ГАЗЕТЫ РЕГИОНАЛЬНЫЕ	http://www.internetkniga.ru/catalog/638/1027/1_1.html	44
ГАЗЕТЫ ЦЕНТРАЛЬНЫЕ	http://www.internetkniga.ru/catalog/641/1027/1_1.html	44
ЖУРНАЛЫ ДЛЯ ДЕТЕЙ И ПОДРОСТКОВ	http://www.internetkniga.ru/catalog/671/1027/1_1.html	30
ЖУРНАЛЫ ДЛЯ ПОТРЕБИТЕЛЕЙ	http://www.internetkniga.ru/catalog/670/1027/1_1.html	30
ЖУРНАЛЫ ЖЕНСКИЕ	http://www.internetkniga.ru/catalog/672/1027/1_1.html	30
ЖУРНАЛЫ КОМПЬЮТЕРНЫЕ	http://www.internetkniga.ru/catalog/659/1027/1_1.html	49
ЖУРНАЛЫ ЛИТЕРАТУРНЫЕ	http://www.internetkniga.ru/catalog/658/1027/1_1.html	30
ЖУРНАЛЫ МЕДИЦИНСКИЕ	http://www.internetkniga.ru/catalog/668/1027/1_1.html	39
ЖУРНАЛЫ МУЖСКИЕ	http://www.internetkniga.ru/catalog/667/1027/1_1.html	30
ЖУРНАЛЫ НАУЧНО-ПОПУЛЯРНЫЕ	http://www.internetkniga.ru/catalog/662/1027/1_1.html	51
ЖУРНАЛЫ НАУЧНЫЕ	http://www.internetkniga.ru/catalog/663/1027/1_1.html	51
ЖУРНАЛЫ О ДОСУГЕ	http://www.internetkniga.ru/catalog/661/1027/1_1.html	30
ЖУРНАЛЫ О ЖИВОТНЫХ	http://www.internetkniga.ru/catalog/660/1027/1_1.html	30
ЖУРНАЛЫ ОБЩЕСТВЕННО-ПОЛИТИЧЕСКИЕ	http://www.internetkniga.ru/catalog/664/1027/1_1.html	43
ЖУРНАЛЫ ПО ОТРАСЛЯМ	http://www.internetkniga.ru/catalog/666/1027/1_1.html	30
ЖУРНАЛЫ ПРОФЕССИОНАЛЬНЫЕ	http://www.internetkniga.ru/catalog/665/1027/1_1.html	30
ЖУРНАЛЫ СПОРТИВНЫЕ	http://www.internetkniga.ru/catalog/669/1027/1_1.html	50
ИНТЕРНЕТ-ИЗДАНИЯ ДЕТСКИЕ И МОЛОДЕЖНЫЕ	http://www.internetkniga.ru/catalog/653/1027/1_1.html	30
ИНТЕРНЕТ-ИЗДАНИЯ ЖЕНСКИЕ	http://www.internetkniga.ru/catalog/652/1027/1_1.html	30
ИНТЕРНЕТ-ИЗДАНИЯ ЗАРУБЕЖНЫЕ	http://www.internetkniga.ru/catalog/643/1027/1_1.html	30
ИНТЕРНЕТ-ИЗДАНИЯ ИНФОРМАЦИОННЫЕ	http://www.internetkniga.ru/catalog/647/1027/1_1.html	30
ИНТЕРНЕТ-ИЗДАНИЯ ЛИТЕРАТУРНЫЕ	http://www.internetkniga.ru/catalog/646/1027/1_1.html	30
ИНТЕРНЕТ-ИЗДАНИЯ МУЗЫКАЛЬНЫЕ	http://www.internetkniga.ru/catalog/649/1027/1_1.html	30
ИНТЕРНЕТ-ИЗДАНИЯ НАУЧНО-ПОПУЛЯРНЫЕ	http://www.internetkniga.ru/catalog/648/1027/1_1.html	51
ИНТЕРНЕТ-ИЗДАНИЯ ОТРАСЛЕВЫЕ	http://www.internetkniga.ru/catalog/650/1027/1_1.html	30
ИНТЕРНЕТ-ИЗДАНИЯ РАЗВЛЕКАТЕЛЬНЫЕ	http://www.internetkniga.ru/catalog/644/1027/1_1.html	30
ИНТЕРНЕТ-ИЗДАНИЯ РЕЛИГИОЗНЫЕ	http://www.internetkniga.ru/catalog/645/1027/1_1.html	47
ИНТЕРНЕТ-ИЗДАНИЯ СПОРТИВНЫЕ	http://www.internetkniga.ru/catalog/651/1027/1_1.html	50
РАДИОСТАНЦИИ, РАДИОКОМПАНИИ	http://www.internetkniga.ru/catalog/642/1027/1_1.html	34
ТЕЛЕВИДЕНИЕ on-line	http://www.internetkniga.ru/catalog/656/1027/1_1.html	34
ТЕЛЕВИДЕНИЕ И ТЕЛЕКОМПАНИИ	http://www.internetkniga.ru/catalog/654/1027/1_1.html	34
ТЕЛЕВИДЕНИЕ СПУТНИКОВОЕ И КАБЕЛЬНОЕ	http://www.internetkniga.ru/catalog/655/1027/1_1.html	34
ГОРОДА	http://www.internetkniga.ru/catalog/712/1027/1_1.html	43
КАРТЫ ГЕОГРАФИЧЕСКИЕ	http://www.internetkniga.ru/catalog/713/1027/1_1.html	43
ПОСОЛЬСТВА	http://www.internetkniga.ru/catalog/714/1027/1_1.html	38
РЕГИОНЫ РФ	http://www.internetkniga.ru/catalog/1711/1027/1_1.html	38
СТРАНЫ МИРА	http://www.internetkniga.ru/catalog/715/1027/1_1.html	43
СТРАНЫ СНГ	http://www.internetkniga.ru/catalog/716/1027/1_1.html	43
АРХИТЕКТУРНЫЕ ОРГАНИЗАЦИИ, МАСТЕРСКИЕ	http://www.internetkniga.ru/catalog/720/1027/1_1.html	34
БАНИ И САУНЫ – СТРОИТЕЛЬСТВО	http://www.internetkniga.ru/catalog/719/1027/1_1.html	34
ГАЗОВЫЕ СЕТИ	http://www.internetkniga.ru/catalog/718/1027/1_1.html	34
ДАЧА И УЧАСТОК	http://www.internetkniga.ru/catalog/760/1027/1_1.html	53
ДОРОЖНО-СТРОИТЕЛЬНЫЕ МАТЕРИАЛЫ	http://www.internetkniga.ru/catalog/761/1027/1_1.html	34
ЖАЛЮЗИ	http://www.internetkniga.ru/catalog/759/1027/1_1.html	34
ЗИМНИЕ САДЫ	http://www.internetkniga.ru/catalog/721/1027/1_1.html	53
КАМИНЫ	http://www.internetkniga.ru/catalog/722/1027/1_1.html	53
СТРОИТЕЛЬНЫЕ И ОТДЕЛОЧНЫЕ МАТЕРИАЛЫ	http://www.internetkniga.ru/catalog/732/1027/1_1.html	34
СТРОИТЕЛЬНЫЕ ИНСТРУМЕНТЫ, ОБОРУДОВАНИЕ	http://www.internetkniga.ru/catalog/753/1027/1_1.html	34
СТРОИТЕЛЬНЫЕ КОНСТРУКЦИИ	http://www.internetkniga.ru/catalog/752/1027/1_1.html	34
СТРОИТЕЛЬНЫЕ ОРГАНИЗАЦИИ	http://www.internetkniga.ru/catalog/754/1027/1_1.html	34
СТРОИТЕЛЬНЫЕ РАБОТЫ	http://www.internetkniga.ru/catalog/723/1027/1_1.html	34
ЭЛЕКТРОМОНТАЖНЫЕ ИЗДЕЛИЯ	http://www.internetkniga.ru/catalog/756/1027/1_1.html	54
АРЕНДА	http://www.internetkniga.ru/catalog/1740/1027/1_1.html	57
РИЭЛТЕРСКИЕ УСЛУГИ	http://www.internetkniga.ru/catalog/1741/1027/1_1.html	57
ЖИЛАЯ НЕДВИЖИМОСТЬ	http://www.internetkniga.ru/catalog/1742/1027/1_1.html	57
КОММЕРЧЕСКАЯ НЕДВИЖИМОСТЬ	http://www.internetkniga.ru/catalog/1743/1027/1_1.html	57
БИЖУТЕРИЯ	http://www.internetkniga.ru/catalog/821/1027/1_1.html	30
БРИТВЫ И БРИТВЕННЫЕ ПРИНАДЛЕЖНОСТИ	http://www.internetkniga.ru/catalog/819/1027/1_1.html	54
ВЕЛОСИПЕДЫ И ВЕЛОСНАРЯЖЕНИЕ – ПРОИЗВОДСТВО, ПРОДАЖА	http://www.internetkniga.ru/catalog/823/1027/1_1.html	54
ВИДЕОПРОДУКЦИЯ	http://www.internetkniga.ru/catalog/822/1027/1_1.html	54
ВИНО – ПРОИЗВОДСТВО, ПРОДАЖА	http://www.internetkniga.ru/catalog/820/1027/1_1.html	14
ГАЛАНТЕРЕЙНЫЕ ИЗДЕЛИЯ	http://www.internetkniga.ru/catalog/818/1027/1_1.html	54
ИНВАЛИДНЫЕ КОЛЯСКИ	http://www.internetkniga.ru/catalog/826/1027/1_1.html	54
КОСМЕТИКА, ПАРФЮМЕРИЯ И СРЕДСТВА ГИГИЕНЫ	http://www.internetkniga.ru/catalog/827/1027/1_1.html	30
ЛИНЗЫ ОПТИЧЕСКИЕ И КОНТАКТНЫЕ	http://www.internetkniga.ru/catalog/825/1027/1_1.html	54
МЕБЕЛЬ И МЕБЕЛЬНАЯ ФУРНИТУРА	http://www.internetkniga.ru/catalog/835/1027/1_1.html	54
МЕТАЛЛЫ ДРАГОЦЕННЫЕ	http://www.internetkniga.ru/catalog/836/1027/1_1.html	54
МОТОЦИКЛЫ, МОПЕДЫ, МОТОРОЛЛЕРЫ – ПРОИЗВОДСТВО, ПРОДАЖА	http://www.internetkniga.ru/catalog/834/1027/1_1.html	54
ОБУВЬ – ПРОИЗВОДСТВО, ПРОДАЖА	http://www.internetkniga.ru/catalog/828/1027/1_1.html	54
ОДЕЖДА – ПРОИЗВОДСТВО, ПРОДАЖА	http://www.internetkniga.ru/catalog/837/1027/1_1.html	54
ОКНА, СТЕКЛОПАКЕТЫ, РОЛЬСТАВНИ	http://www.internetkniga.ru/catalog/1715/1027/1_1.html	54
ОПТИКА	http://www.internetkniga.ru/catalog/833/1027/1_1.html	54
ОЧКИ, СОЛНЦЕЗАЩИТНЫЕ ОЧКИ, ОПРАВЫ – ПРОИЗВОДСТВО, ПРОДАЖА	http://www.internetkniga.ru/catalog/838/1027/1_1.html	54
ПИРОТЕХНИКА	http://www.internetkniga.ru/catalog/832/1027/1_1.html	30
ПЛАСТИКОВЫЕ КАРТЫ	http://www.internetkniga.ru/catalog/831/1027/1_1.html	30
ПОДАРКИ	http://www.internetkniga.ru/catalog/842/1027/1_1.html	30
ПРЕДМЕТЫ ДЕТСКОЙ И ЖЕНСКОЙ ГИГИЕНЫ	http://www.internetkniga.ru/catalog/830/1027/1_1.html	53
ПРОТЕЗЫ	http://www.internetkniga.ru/catalog/829/1027/1_1.html	54
РЫБОЛОВНЫЕ СНАСТИ И ПРИНАДЛЕЖНОСТИ	http://www.internetkniga.ru/catalog/824/1027/1_1.html	30
СНАБЖЕНИЕ ТОВАРАМИ	http://www.internetkniga.ru/catalog/839/1027/1_1.html	54
СПИРТЫ – ПРОИЗВОДСТВО, ПРОДАЖА	http://www.internetkniga.ru/catalog/840/1027/1_1.html	14
СУВЕНИРЫ, ПОДАРКИ	http://www.internetkniga.ru/catalog/841/1027/1_1.html	54
ТАБАК И ТАБАЧНЫЕ ИЗДЕЛИЯ – ПРОИЗВОДСТВО, ПРОДАЖА	http://www.internetkniga.ru/catalog/843/1027/1_1.html	14
ТКАНИ	http://www.internetkniga.ru/catalog/845/1027/1_1.html	54
ТОВАРЫ ДЛЯ ДОМА И ОФИСА	http://www.internetkniga.ru/catalog/846/1027/1_1.html	54
ФЛАГИ, ВЫМПЕЛЫ, ЗНАМЕНА – ПРОИЗВОДСТВО, ПРОДАЖА	http://www.internetkniga.ru/catalog/844/1027/1_1.html	54
ФОНТАНЫ – ПРОИЗВОДСТВО, ПРОДАЖА	http://www.internetkniga.ru/catalog/881/1027/1_1.html	54
ФОТОТОВАРЫ – ПРОИЗВОДСТВО, ПРОДАЖА	http://www.internetkniga.ru/catalog/882/1027/1_1.html	54
ЧАЙ – ПРОИЗВОДСТВО, ПРОДАЖА	http://www.internetkniga.ru/catalog/886/1027/1_1.html	54
ЧАСЫ – ПРОИЗВОДСТВО, ПРОДАЖА	http://www.internetkniga.ru/catalog/887/1027/1_1.html	54
ШТОРЫ, ЗАНАВЕСИ	http://www.internetkniga.ru/catalog/888/1027/1_1.html	54
ЭЛЕКТРОМОНТАЖНЫЕ ИЗДЕЛИЯ	http://www.internetkniga.ru/catalog/883/1027/1_1.html	54
ЮВЕЛИРНЫЕ ИЗДЕЛИЯ – ПРОИЗВОДСТВО, ПРОДАЖА	http://www.internetkniga.ru/catalog/889/1027/1_1.html	54
ЯХТЫ, ЛОДКИ, КАТЕРА – ПРОИЗВОДСТВО, ПРОДАЖА	http://www.internetkniga.ru/catalog/1716/1027/1_1.html	52
БЕНЗИН	http://www.internetkniga.ru/catalog/912/1027/1_1.html	54
БУРОВЫЕ РАБОТЫ	http://www.internetkniga.ru/catalog/911/1027/1_1.html	34
ГАЗ	http://www.internetkniga.ru/catalog/910/1027/1_1.html	34
НЕФТЕ- И ГАЗОПЕРЕРАБАТЫВАЮЩИЕ КОМПАНИИ	http://www.internetkniga.ru/catalog/914/1027/1_1.html	34
НЕФТЕГАЗОДОБЫВАЮЩЕЕ ОБОРУДОВАНИЕ	http://www.internetkniga.ru/catalog/915/1027/1_1.html	34
НЕФТЕПРОДУКТЫ – ПРОДАЖА	http://www.internetkniga.ru/catalog/916/1027/1_1.html	34
НЕФТЕХИМИЧЕСКАЯ ПРОМЫШЛЕННОСТЬ	http://www.internetkniga.ru/catalog/917/1027/1_1.html	34
ПОДВОДНО-ТЕХНИЧЕСКИЕ РАБОТЫ	http://www.internetkniga.ru/catalog/913/1027/1_1.html	34
ТОПЛИВНАЯ ПРОМЫШЛЕННОСТЬ	http://www.internetkniga.ru/catalog/922/1027/1_1.html	34
УГОЛЬ	http://www.internetkniga.ru/catalog/921/1027/1_1.html	34
ЭЛЕКТРОСТАНЦИИ ПРОМЫШЛЕННЫЕ	http://www.internetkniga.ru/catalog/923/1027/1_1.html	34
ЭНЕРГЕТИЧЕСКОЕ МАШИНОСТРОЕНИЕ	http://www.internetkniga.ru/catalog/925/1027/1_1.html	34
ЭНЕРГОСНАБЖЕНИЕ	http://www.internetkniga.ru/catalog/924/1027/1_1.html	34
МАГАЗИНЫ, СУПЕРМАРКЕТЫ, ТОРГОВЫЕ СЕТИ	http://www.internetkniga.ru/catalog/892/1027/1_1.html	54
РЫНКИ, БАЗЫ ОПТОВЫЕ	http://www.internetkniga.ru/catalog/891/1027/1_1.html	54
ТОРГОВАЯ ТЕХНИКА И ОБОРУДОВАНИЕ	http://www.internetkniga.ru/catalog/893/1027/1_1.html	54
ТОРГОВЛЯ ОН-ЛАЙН	http://www.internetkniga.ru/catalog/899/1027/1_1.html	54
ТОРГОВЛЯ ПО КАТАЛОГАМ	http://www.internetkniga.ru/catalog/898/1027/1_1.html	54
ТОРГОВЫЕ ДОМА, ЦЕНТРЫ	http://www.internetkniga.ru/catalog/906/1027/1_1.html	54
ТОРГОВЫЕ ОРГАНИЗАЦИИ	http://www.internetkniga.ru/catalog/904/1027/1_1.html	54
ТОРГОВЫЕ ПРЕДСТАВИТЕЛЬСТВА	http://www.internetkniga.ru/catalog/905/1027/1_1.html	54
ЯРМАРКИ, ВЫСТАВКИ-ПРОДАЖИ	http://www.internetkniga.ru/catalog/908/1027/1_1.html	54
АВИАЦИЯ	http://www.internetkniga.ru/catalog/778/1027/1_1.html	32
АВТОБУСЫ	http://www.internetkniga.ru/catalog/789/1027/1_1.html	32
БРОНИРОВАНИЕ БИЛЕТОВ	http://www.internetkniga.ru/catalog/790/1027/1_1.html	32
ВОДНЫЙ ТРАНСПОРТ	http://www.internetkniga.ru/catalog/795/1027/1_1.html	32
ГОРОДСКОЙ ТРАНСПОРТ	http://www.internetkniga.ru/catalog/793/1027/1_1.html	32
ЖЕЛЕЗНАЯ ДОРОГА	http://www.internetkniga.ru/catalog/814/1027/1_1.html	32
ПЕРЕВОЗКИ	http://www.internetkniga.ru/catalog/802/1027/1_1.html	32
ТРАНСПОРТ – РАСПИСАНИЯ	http://www.internetkniga.ru/catalog/812/1027/1_1.html	32
ТРАНСПОРТНО-ЭКСПЕДИТОРСКИЕ УСЛУГИ	http://www.internetkniga.ru/catalog/813/1027/1_1.html	32
АВТОСТОП, ПЕШИЙ ТУРИЗМ	http://www.internetkniga.ru/catalog/997/1027/1_1.html	52
АЛЬПИНИЗМ, ГОРНЫЙ ТУРИЗМ	http://www.internetkniga.ru/catalog/998/1027/1_1.html	52
ГОСТИНИЦЫ	http://www.internetkniga.ru/catalog/999/1027/1_1.html	52
ДОМА ОТДЫХА, ПАНСИОНАТЫ	http://www.internetkniga.ru/catalog/1009/1027/1_1.html	52
КУРОРТЫ, САНАТОРИИ И БАЗЫ ОТДЫХА	http://www.internetkniga.ru/catalog/1000/1027/1_1.html	52
ТУРИЗМ И ОТДЫХ	http://www.internetkniga.ru/catalog/1001/1027/1_1.html	52
ТУРИЗМ ИНДИВИДУАЛЬНЫЙ	http://www.internetkniga.ru/catalog/1002/1027/1_1.html	52
ТУРИЗМ ЭКСТРЕМАЛЬНЫЙ	http://www.internetkniga.ru/catalog/1003/1027/1_1.html	52
ТУРИСТИЧЕСКИЕ КОМПАНИИ, АГЕНТСТВА	http://www.internetkniga.ru/catalog/1004/1027/1_1.html	52
ТУРИСТИЧЕСКОЕ ОБОРУДОВАНИЕ И СНАРЯЖЕНИЕ	http://www.internetkniga.ru/catalog/1008/1027/1_1.html	52
ЯХТЫ, ЛОДКИ, КАТЕРА – ПРОИЗВОДСТВО, ПРОДАЖА	http://www.internetkniga.ru/catalog/1010/1027/1_1.html	52
АВАРИЙНО-СПАСАТЕЛЬНЫЕ СЛУЖБЫ	http://www.internetkniga.ru/catalog/927/1027/1_1.html	43
БАЛКОНЫ И ЛОДЖИИ – ОСТЕКЛЕНИЕ	http://www.internetkniga.ru/catalog/928/1027/1_1.html	34
БАНИ И САУНЫ	http://www.internetkniga.ru/catalog/929/1027/1_1.html	30
БОДИ- И НЕЙЛ-АРТ	http://www.internetkniga.ru/catalog/933/1027/1_1.html	30
БРАЧНЫЕ АГЕНТСТВА И СЛУЖБЫ ЗНАКОМСТВ	http://www.internetkniga.ru/catalog/930/1027/1_1.html	30
ВЕТЕРИНАРНЫЕ КЛИНИКИ, СЛУЖБЫ	http://www.internetkniga.ru/catalog/936/1027/1_1.html	53
ВОСПИТАНИЕ И УХОД ЗА ДЕТЬМИ	http://www.internetkniga.ru/catalog/931/1027/1_1.html	53
ВЫСТАВКИ, ПРЕЗЕНТАЦИИ, ШОУ – УСЛУГИ ПО ОРГАНИЗАЦИИ	http://www.internetkniga.ru/catalog/935/1027/1_1.html	30
ДИЗАЙН ИНТЕРЬЕРА	http://www.internetkniga.ru/catalog/992/1027/1_1.html	53
ДИЗАЙН ЛАНДШАФТНЫЙ	http://www.internetkniga.ru/catalog/991/1027/1_1.html	53
ДОСТАВКА ОБЕДОВ, УЖИНОВ НА ДОМ И В ОФИС	http://www.internetkniga.ru/catalog/993/1027/1_1.html	30
ЗАЩИТА ГРАЖДАНСКИХ ПРАВ	http://www.internetkniga.ru/catalog/937/1027/1_1.html	43
ЗАЩИТА ПРАВ ПОТРЕБИТЕЛЯ	http://www.internetkniga.ru/catalog/938/1027/1_1.html	43
ИНОСТРАННЫЕ ЯЗЫКИ – ПЕРЕВОДЫ	http://www.internetkniga.ru/catalog/947/1027/1_1.html	34
ИНТЕРНЕТ – ПОЧТОВЫЕ УСЛУГИ	http://www.internetkniga.ru/catalog/949/1027/1_1.html	49
ИНТЕРНЕТ – УСЛУГИ ДОСТУПА	http://www.internetkniga.ru/catalog/950/1027/1_1.html	49
КОНФЕРЕНЦИИ, КОНГРЕССЫ	http://www.internetkniga.ru/catalog/948/1027/1_1.html	34
КУРЬЕРСКИЕ СЛУЖБЫ	http://www.internetkniga.ru/catalog/951/1027/1_1.html	34
ЛИЦЕНЗИРОВАНИЕ	http://www.internetkniga.ru/catalog/945/1027/1_1.html	34
ЛОГИСТИКА	http://www.internetkniga.ru/catalog/946/1027/1_1.html	59
МАРКЕТИНГОВЫЕ ИССЛЕДОВАНИЯ	http://www.internetkniga.ru/catalog/953/1027/1_1.html	59
ОЗЕЛЕНЕНИЕ И БЛАГОУСТРОЙСТВО	http://www.internetkniga.ru/catalog/954/1027/1_1.html	34
ПАРИКМАХЕРСКОЕ МАСТЕРСТВО	http://www.internetkniga.ru/catalog/952/1027/1_1.html	34
ПОЗДРАВЛЕНИЯ	http://www.internetkniga.ru/catalog/957/1027/1_1.html	30
ПОЛИГРАФИЯ	http://www.internetkniga.ru/catalog/958/1027/1_1.html	34
ПОЧТОВЫЕ УСЛУГИ, ОБОРУДОВАНИЕ	http://www.internetkniga.ru/catalog/959/1027/1_1.html	34
ПРАЧЕЧНЫЕ, ХИМЧИСТКИ	http://www.internetkniga.ru/catalog/956/1027/1_1.html	34
ПСИХОЛОГИЧЕСКАЯ ПОМОЩЬ	http://www.internetkniga.ru/catalog/960/1027/1_1.html	39
РАСПРОСТРАНЕНИЕ ПЕЧАТНОЙ ПРОДУКЦИИ	http://www.internetkniga.ru/catalog/939/1027/1_1.html	34
РЕМОНТ АУДИО- И ВИДЕОТЕХНИКИ	http://www.internetkniga.ru/catalog/941/1027/1_1.html	34
РЕМОНТ БЫТОВОЙ И ОФИСНОЙ ТЕХНИКИ	http://www.internetkniga.ru/catalog/942/1027/1_1.html	34
РЕМОНТ, РЕКОНСТРУКЦИЯ, РЕСТАВРАЦИЯ ЗДАНИЙ	http://www.internetkniga.ru/catalog/943/1027/1_1.html	34
РЕФЕРАТЫ, КУРСОВЫЕ РАБОТЫ, ДИПЛОМЫ	http://www.internetkniga.ru/catalog/944/1027/1_1.html	8
РИТУАЛЬНЫЕ УСЛУГИ	http://www.internetkniga.ru/catalog/940/1027/1_1.html	34
СКЛАДСКИЕ УСЛУГИ	http://www.internetkniga.ru/catalog/972/1027/1_1.html	34
СОЛЯРИИ	http://www.internetkniga.ru/catalog/979/1027/1_1.html	30
СПРАВОЧНАЯ ИНФОРМАЦИЯ	http://www.internetkniga.ru/catalog/973/1027/1_1.html	34
СТРАХОВЫЕ КОМПАНИИ	http://www.internetkniga.ru/catalog/980/1027/1_1.html	37
ТАМОЖЕННЫЕ СКЛАДЫ	http://www.internetkniga.ru/catalog/982/1027/1_1.html	34
ТАМОЖЕННЫЕ УСЛУГИ	http://www.internetkniga.ru/catalog/983/1027/1_1.html	34
ТАТУИРОВКА И ПИРСИНГ	http://www.internetkniga.ru/catalog/984/1027/1_1.html	30
ТЕЛЕФОННЫЕ УСЛУГИ, call-ЦЕНТРЫ	http://www.internetkniga.ru/catalog/988/1027/1_1.html	34
ТРАНСПОРТНО-ЭКСПЕДИТОРСКИЕ УСЛУГИ	http://www.internetkniga.ru/catalog/985/1027/1_1.html	32
УБОРКА И ЧИСТКА	http://www.internetkniga.ru/catalog/981/1027/1_1.html	34
УТИЛИЗАЦИЯ, ВЫВОЗ, ПЕРЕРАБОТКА ОТХОДОВ	http://www.internetkniga.ru/catalog/987/1027/1_1.html	34
ФОТО- И ВИДЕОСЪЕМКА, ПЕЧАТЬ ФОТОГРАФИЙ	http://www.internetkniga.ru/catalog/986/1027/1_1.html	34
ЦВЕТЫ – ДОСТАВКА	http://www.internetkniga.ru/catalog/995/1027/1_1.html	30
ЭКСКУРСИОННОЕ ОБСЛУЖИВАНИЕ	http://www.internetkniga.ru/catalog/989/1027/1_1.html	30
ЭКСПЕРТИЗА	http://www.internetkniga.ru/catalog/990/1027/1_1.html	34
АДВОКАТСКИЕ УСЛУГИ	http://www.internetkniga.ru/catalog/1079/1027/1_1.html	43
АРБИТРАЖ	http://www.internetkniga.ru/catalog/1078/1027/1_1.html	43
НОТАРИАЛЬНЫЕ УСЛУГИ	http://www.internetkniga.ru/catalog/1082/1027/1_1.html	43
ПАТЕНТНЫЕ УСЛУГИ	http://www.internetkniga.ru/catalog/1081/1027/1_1.html	43
РЕГИСТРАЦИЯ И ЛИКВИДАЦИЯ ПРЕДПРИЯТИЙ	http://www.internetkniga.ru/catalog/1080/1027/1_1.html	43
СЕРТИФИКАЦИЯ	http://www.internetkniga.ru/catalog/1083/1027/1_1.html	43
